imdb_id,film_title,year,tradd_url,link,tags,filename
tt0848228,The Avengers,2012,/the-avengers,/the-avengers/feature-trailer,"Paramount Pictures|Marvel Studios|Action|Adventure|Comicbook|Samuel L. Jackson|Robert Downey, Jr.|Chris Evans|Chris Hemsworth|Jeremy Renner|Scarlett Johansson|Tom Hiddleston|Mark Ruffalo|Clark Gregg",the-avengers_feature-trailer
tt0472033,9,2009,/9-feature,/9-feature/trailer,Focus Features|Action|CG Animation|Teaser|Remake,9-feature_trailer
tt0472033,9,2009,/9-feature,/9-feature/feature-trailer,Focus Features|Action|CG Animation|Remake|Elijah Wood|Jennifer Connelly|Christopher Plummer,9-feature_feature-trailer
tt0416449,300,2007,/300,/300/teaser-trailer,Warner Bros. Pictures|Action|Comicbook|Teaser|Gerard Butler|Lena Headey|David Wenham|Vincent Regan|Rodrigo Santoro|Dominic West,300_teaser-trailer
tt1190080,2012,2009,/2012,/2012/trailer,Columbia Pictures|Action|Adventure|John Cusack|Amanda Peet|Chiwetel Ejiofor|Danny Glover|Thandie Newton|Oliver Platt|Thomas McCarthy|Woody Harrelson|Chin Han|Morgan Lily|Beatrice Rosen,2012_trailer
tt1022603,(500) Days of Summer,2009,/500-days-of-summer,/500-days-of-summer/trailer,Fox Searchlight|Comedy|Joseph Gordon-Levitt|Zooey Deschanel|Clark Gregg|Minka Kelly|Rachel Boston|Matthew Gray Gubler|Chloë Grace Moretz,500-days-of-summer_trailer
tt1022603,(500) Days of Summer,2009,/500-days-of-summer,/500-days-of-summer/teaser-trailer,Fox Searchlight|Comedy|Joseph Gordon-Levitt|Zooey Deschanel|Clark Gregg|Minka Kelly|Rachel Boston|Matthew Gray Gubler|Chloë Grace Moretz,500-days-of-summer_teaser-trailer
tt2024544,12 Years a Slave,2013,/12-years-a-slave,/12-years-a-slave/trailer,Fox Searchlight|Drama|Biopic|Chiwetel Ejiofor|Michael Fassbender|Benedict Cumberbatch|Paul Dano|Paul Giamatti|Lupita Nyong'o|Sarah Paulson|Brad Pitt|Alfre Woodard|Scoot McNairy,12-years-a-slave_trailer
tt2172934,3 Days to Kill,2014,/3-days-to-kill,/3-days-to-kill/trailer,Relativity Media|Thriller|Action|Kevin Costner|Amber Heard|Hailee Steinfeld|Connie Nielsen,3-days-to-kill_trailer
tt0120623,A Bug's Life,1998,/a-bugs-life,/a-bugs-life/trailer,Pixar Animation|Walt Disney Pictures|CG Animation|Family|Dave Foley|Denis Leary|Kevin Spacey|Phyllis Diller|Brad Garrett|Jonathan Harris,a-bugs-life_trailer
tt0405296,A Scanner Darkly,2006,/scanner-darkly,/scanner-darkly/teaser-trailer,"Warner Independent|Keanu Reeves|Robert Downey, Jr.|Woody Harrelson|Winona Ryder|Rory Cochrane|Animation",scanner-darkly_teaser-trailer
tt1091722,Adventureland,2009,/adventureland,/adventureland/trailer,Miramax Films|Comedy|Jesse Eisenberg|Ryan Reynolds|Kristen Stewart|Bill Hader|Kristen Wiig|South by Southwest Film Festival,adventureland_trailer
tt0881891,All About Steve,2009,/all-about-steve,/all-about-steve/trailer,20th Century Fox|Comedy|Sandra Bullock|Thomas Haden Church|Bradley Cooper|Sara Sanderson|Katy Mixon|Ken Jeong|M.C. Gainey|Keith David,all-about-steve_trailer
tt0426883,Alpha Dog,2007,/alpha-dog,/alpha-dog/trailer,Drama|Universal Pictures|Ben Foster|Shawn Hatosy|Emile Hirsch|Chris Marquette|Sharon Stone|Justin Timberlake|Anton Yelchin|Bruce Willis,alpha-dog_trailer
tt1823664,Annie,2014,/annie-2014,/annie-2014/feature-trailer,Sony Pictures|Comedy|Drama|Family|Musical/Broadway/Play|Remake|Jamie Foxx|Quvenzhané Wallis|Rose Byrne|Bobby Cannavale|Adewale Akinnuoye-Agbaje|David Zayas|Cameron Diaz|Musical,annie-2014_feature-trailer
tt1823664,Annie,2014,/annie-2014,/annie-2014/trailer,Sony Pictures|Comedy|Drama|Family|Musical/Broadway/Play|Remake|Jamie Foxx|Quvenzhané Wallis|Rose Byrne|Bobby Cannavale|Adewale Akinnuoye-Agbaje|David Zayas|Cameron Diaz|Musical,annie-2014_trailer
tt0313792,Anything Else,2003,/anything-else,/anything-else/trailer,DreamWorks Pictures|Comedy|Romance|Jason Biggs|Christina Ricci,anything-else_trailer
tt1024648,Argo,2012,/argo,/argo/trailer,Warner Bros. Pictures|Drama|Thriller|Ben Affleck|Alan Arkin|Bryan Cranston|John Goodman|Kerry Bishé|Kyle Chandler|Rory Cochrane|Christopher Denham|Tate Donovan|Clea DuVall|Victor Garber,argo_trailer
tt0375568,Astro Boy,2009,/astro-boy,/astro-boy/teaser-trailer,Summit Entertainment|Adventure|CG Animation|Television|Teaser,astro-boy_teaser-trailer
tt0783233,Atonement,2008,/atonement,/atonement/trailer,Focus Features|Drama|Romance|Keira Knightley|James McAvoy|Romola Garai|Vanessa Redgrave|Brenda Blethyn,atonement_trailer
tt1322269,August: Osage County,2014,/august-osage-county,/august-osage-county/feature-trailer,The Weinstein Company|Musical/Broadway/Play|Comedy|Drama|Meryl Streep|Julia Roberts|Ewan McGregor|Benedict Cumberbatch|Margo Martindale|Chris Cooper|Sam Shepard|Misty Upham|Juliette Lewis|Abigail Breslin|Dermot Mulroney|Julianne Nicholson|Newell Alexander,august-osage-county_feature-trailer
tt0455824,Australia,2008,/australia,/australia/feature-trailer,20th Century Fox|Action|Drama|Romance|Nicole Kidman|Hugh Jackman,australia_feature-trailer
tt0499549,Avatar,2009,/avatar,/avatar/trailer-b,20th Century Fox|Action|Adventure|Sci Fi|Sigourney Weaver|Stephen Lang|Zoë Saldaña|Sam Worthington|Michelle Rodriguez|Giovanni Ribisi|Joel David Moore|CCH Pounder|Peter Mensah|Laz Alonso|Wes Studi|Matt Gerald,avatar_trailer-b
tt1217613,Battle: Los Angeles,2011,/battle-los-angeles,/battle-los-angeles/trailer,Columbia Pictures|Sci Fi|Action|Teaser|Aaron Eckhart|Michelle Rodriguez|Ramon Rodriguez|Bridget Moynahan,battle-los-angeles_trailer
tt0486551,Beerfest,2006,/beerfest,/beerfest/trailer,Warner Bros. Pictures|Comedy|Kevin Heffernan|Steve Lemme|Paul Soter|Jürgen Prochnow|Erik Stolhanske|Will Forte|Eric Christian Olsen,beerfest_trailer
tt0159273,Behind Enemy Lines,2001,/behind-enemy-lines,/behind-enemy-lines/trailer,20th Century Fox|Action|War|Owen Wilson|Gabriel Macht|Gene Hackman|Joaquim De Almeida|Vladimir Mashkov|David Keith|Olek Krupa,behind-enemy-lines_trailer
tt0265086,Black Hawk Down,2002,/black-hawk-down,/black-hawk-down/teaser-trailer,Columbia Pictures|Historical|Action|Drama|War|Teaser|Josh Hartnett|Tom Sizemore|Ewan McGregor|Sam Shepard,black-hawk-down_teaser-trailer
tt1825683,Black Panther,2018,/black-panther-2018,/black-panther-2018/teaser-trailer,Marvel Studios|Walt Disney Pictures|Comicbook|Action|Sci Fi|Fantasy|Teaser|Chadwick Boseman|Danai Gurira|Lupita Nyong'o|Michael B. Jordan|Martin Freeman|Daniel Kaluuya|Angela Bassett|Andy Serkis|Sterling K. Brown|Isaach De Bankolé|Forest Whitaker,black-panther-2018_teaser-trailer
tt1430612,Brick Mansions,2014,/brick-mansions,/brick-mansions/feature-trailer,Relativity Media|Action|Crime|Remake|Paul Walker|RZA|David Belle|Carlo Rota|Kalinka Petrie|Bruce Ramsay,brick-mansions_feature-trailer
tt0901476,Bride Wars,2009,/bride-wars,/bride-wars/trailer,20th Century Fox|Comedy|Romance|Anne Hathaway|Kate Hudson|Candice Bergen|Kristen Johnston,bride-wars_trailer
tt0458339,Captain America: The First Avenger,2011,/captain-america-the-first-avenger,/captain-america-the-first-avenger/trailer,Paramount Pictures|Action|Adventure|Comicbook|Chris Evans|Hayley Atwell|Hugo Weaving|Sebastian Stan|Stanley Tucci|Tommy Lee Jones|Dominic Cooper|Natalie Dormer,captain-america-the-first-avenger_trailer
tt1194417,Casino Jack,2011,/bagman,/bagman/trailer,Thriller|Kevin Spacey|Berry Pepper|Kelly Preston|Jon Lovitz|Graham Greene|Rachelle Lefevre|Maury Chaykin|Hannibal Pictures,bagman_trailer
tt0450405,Cirque du Freak: The Vampire's Assistant,2009,/cirque-du-freak-vampires-assistant,/cirque-du-freak-vampires-assistant/trailer,Universal Pictures|Action|Drama|Family|Adventure|Fantasy|Horror|Thriller|John C. Reilly|Ken Watanabe|Josh Hutcherson|Chris Massoglia|Patrick Fugit|Ray Stevenson|Michael Cerveris|Frankie Faison|Jane Krakowski|Orlando Jones|Kristen Schaal|Salma Hayek,cirque-du-freak-vampires-assistant_trailer
tt0800320,Clash of the Titans,2010,/clash-of-the-titans,/clash-of-the-titans/feature-trailer,Warner Bros. Pictures|Action|Adventure|Teaser|Sam Worthington|Liam Neeson|Ralph Fiennes|Danny Huston|Gemma Arterton|Mads Mikkelsen|Jason Flemyng|Alexa Davalos,clash-of-the-titans_feature-trailer
tt0800320,Clash of the Titans,2010,/clash-of-the-titans,/clash-of-the-titans/trailer,Warner Bros. Pictures|Action|Adventure|Teaser|Sam Worthington|Liam Neeson|Ralph Fiennes|Danny Huston|Gemma Arterton|Mads Mikkelsen|Jason Flemyng|Alexa Davalos,clash-of-the-titans_trailer
tt1371111,Cloud Atlas,2012,/cloud-atlas,/cloud-atlas/trailer,Warner Bros. Pictures|Drama|Fantasy|Sci Fi|Book|Tom Hanks|Halle Berry|Jim Broadbent|Hugo Weaving|Jim Sturgess|Doona Bae|Ben Whishaw|James D'Arcy|Xun Zhou|Keith David|David Gyasi|Susan Sarandon|Hugh Grant,cloud-atlas_trailer
tt0844471,Cloudy with a Chance of Meatballs,2009,/cloudy-wuth-a-chance-of-meatballs,/cloudy-wuth-a-chance-of-meatballs/feature-trailer,Columbia Pictures|CG Animation|Book|Family|Comedy|Bill Hader|Anna Faris|James Caan|Bruce Campbell|Andy Samberg|Mr T.|Tracy Morgan,cloudy-wuth-a-chance-of-meatballs_feature-trailer
tt0345074,Connie and Carla,2004,/connie-and-carla,/connie-and-carla/trailer,Universal Pictures|Comedy|Nia Vardalos|Toni Collette|David Duchovny,connie-and-carla_trailer
tt0121164,Corpse Bride,2005,/corpse-bride,/corpse-bride/teaser-trailer,Warner Bros. Pictures|Teaser|Stop Motion Animation|Johnny Depp|Helena Bonham Carter|Emily Watson,corpse-bride_teaser-trailer
tt0121164,Corpse Bride,2005,/corpse-bride,/corpse-bride/trailer,Warner Bros. Pictures|Stop Motion Animation|Johnny Depp|Helena Bonham Carter|Emily Watson,corpse-bride_trailer
tt0409847,Cowboys & Aliens,2011,/cowboys-and-aliens,/cowboys-and-aliens/feature-trailer,Universal Pictures|Action|Thriller|Comicbook|Daniel Craig|Harrison Ford|Olivia Wilde|Clancy Brown|Adam Beach|Sam Rockwell,cowboys-and-aliens_feature-trailer
tt1121931,Crank: High Voltage,2009,/crank-high-voltage,/crank-high-voltage/trailer,Lionsgate|Jason Statham|Amy Smart|Dwight Yoakam|Efren Ramirez|Bai Ling|Action,crank-high-voltage_trailer
tt1570728,"Crazy, Stupid, Love.",2011,/crazy-stupid-love,/crazy-stupid-love/trailer,Warner Bros. Pictures|Comedy|Romance|Steve Carell|Ryan Gosling|Emma Stone|Julianne Moore|Marisa Tomei|Kevin Bacon,crazy-stupid-love_trailer
tt1153706,Dance Flick,2009,/dance-flick,/dance-flick/trailer,Paramount Pictures|Comedy|Chelsea Makela|Keenen Ivory Wayans|Shawn Wayans|Marlon Wayans|Brennan Hillard|Kim Wayans|Damon Wayans Jr,dance-flick_trailer
tt0433362,Daybreakers,2010,/daybreakers,/daybreakers/trailer,Lionsgate|Horror|Ethan Hawke|Willem Dafoe|Claudia Karvan|Michael Dorman|Vince Colosimo|Isabel Lucas|Sam Neill,daybreakers_trailer
tt1137450,Death Wish,2018,/death-wish,/death-wish/feature-trailer,Annapurna Pictures|Action|Crime|Drama|Book|Bruce Willis|Elisabeth Shue|Metro Goldwyn Mayer (MGM)|Vincent D'Onofrio|Kimberly Elise|Dean Norris|Camila Morrone,death-wish_feature-trailer
tt0829150,Dracula Untold,2014,/dracula-untold,/dracula-untold/trailer,Universal Pictures|Action|Drama|Fantasy|Luke Evans|Sarah Gadon|Dominic Cooper|Samantha Barks|Diarmaid Murtagh|Charles Dance,dracula-untold_trailer
tt0879870,Eat Pray Love,2010,/eat-pray-love,/eat-pray-love/trailer,Columbia Pictures|Comedy|Drama|Book|Julia Roberts|Richard Jenkins|Javier Bardem|Viola Davis|Billy Crudup,eat-pray-love_trailer
tt1631867,Edge of Tomorrow,2014,/edge-of-tomorrow,/edge-of-tomorrow/feature-trailer,Warner Bros. Pictures|Book|Action|Sci Fi|Tom Cruise|Emily Blunt,edge-of-tomorrow_feature-trailer
tt1631867,Edge of Tomorrow,2014,/edge-of-tomorrow,/edge-of-tomorrow/trailer,Warner Bros. Pictures|Book|Action|Sci Fi|Tom Cruise|Emily Blunt|Bill Paxton|Kick Gurry|Dragomir Mrsic|Charlotte Riley|Jonas Armstrong|Franz Drameh,edge-of-tomorrow_trailer
tt1674771,Entourage,2015,/entourage,/entourage/trailer,Warner Bros. Pictures|Comedy|Television|Billy Bob Thornton|Jeremy Piven|Nora Dunn|Emmanuelle Chriqui|Kevin Dillon|Debi Mazar|Adrian Grenier|Jerry Ferrara|Rhys Coiro|Kevin Connolly|Haley Joel Osment|Constance Zimmer|Perrey Reeves|Emily Ratajkowski|Rex Lee,entourage_trailer
tt0848537,Epic,2013,/epic-2013,/epic-2013/feature-trailer,20th Century Fox|CG Animation|Adventure|Action|Josh Hutcherson|Amanda Seyfried|Aziz Ansari|Colin Farrell|Christoph Waltz|Jason Sudeikis,epic-2013_feature-trailer
tt0848537,Epic,2013,/epic-2013,/epic-2013/trailer,20th Century Fox|CG Animation|Adventure|Action|Teaser|Josh Hutcherson|Amanda Seyfried|Aziz Ansari,epic-2013_trailer
tt0780511,Everybody's Fine,2009,/everybodys-fine,/everybodys-fine/trailer,Miramax Films|Comedy|Drama|Adventure|Robert De Niro|Drew Barrymore|Kate Beckinsale|Sam Rockwell,everybodys-fine_trailer
tt1225822,Extract,2009,/extract,/extract/teaser-trailer,Miramax Films|Comedy|Teaser|Jason Bateman|Mila Kunis|Ben Affleck|Kristen Wiig|J.K. Simmons|Clifton Collins Jr.|Beth Grant,extract_teaser-trailer
tt0120663,Eyes Wide Shut,1999,/eyes-wide-shut,/eyes-wide-shut/feature-trailer,Warner Bros. Pictures|Drama|Mystery|Romance|Tom Cruise|Nicole Kidman|Sydney Pollack|Leelee Sobieski|Marie Richardson|Rade Serbedzija|Todd Field|Vinessa Shaw|Sky du Mont|Fay Masterson,eyes-wide-shut_feature-trailer
tt0120663,Eyes Wide Shut,1999,/eyes-wide-shut,/eyes-wide-shut/trailer,Warner Bros. Pictures|Drama|Mystery|Romance|Tom Cruise|Nicole Kidman|Sydney Pollack|Leelee Sobieski,eyes-wide-shut_trailer
tt1013752,Fast & Furious,2009,/fast-and-furious-2009,/fast-and-furious-2009/trailer,Universal Pictures|Franchise/Epic/Trilogy|Action|Thriller|Vin Diesel|Paul Walker|Michelle Rodriguez|Jordana Brewster,fast-and-furious-2009_trailer
tt1433108,Faster,2010,/faster,/faster/trailer,CBS Films|Thriller|Action|Drama|Dwayne Johnson|Maggie Grace|Billy Bob Thornton|Jennifer Carpenter|Carla Gugino|Adewale Akinnuoye-Agbaje|Oliver Jackson-Cohen,faster_trailer
tt1433108,Faster,2010,/faster,/faster/teaser-trailer,CBS Films|Thriller|Action|Drama|Teaser|Dwayne Johnson|Maggie Grace|Billy Bob Thornton,faster_teaser-trailer
tt2322441,Fifty Shades of Grey,2015,/fifty-shades-of-grey,/fifty-shades-of-grey/trailer,Focus Features|Book|Drama|Romance|Jamie Dornan|Dakota Johnson,fifty-shades-of-grey_trailer
tt1082601,Fighting,2009,/fighting,/fighting/trailer,Rogue Pictures|Drama|Channing Tatum|Terrence Howard|Brian J. White|Luis Guzman|Zulay Henao,fighting_trailer
tt1907668,Flight,2012,/flight-2012,/flight-2012/trailer,Paramount Pictures|Drama|Denzel Washington|Kelly Reilly|Don Cheadle|Bruce Greenwood|Brian Geraghty|John Goodman|Tamara Tunie,flight-2012_trailer
tt2381941,Focus,2015,/focus-2014,/focus-2014/trailer,Warner Bros. Pictures|Comedy|Crime|Romance|Margot Robbie|Will Smith|Rodrigo Santoro|BD Wong|Gerald McRaney|Robert Taylor|Adrian Martinez|Brennan Brown,focus-2014_trailer
tt0390022,Friday Night Lights,2004,/friday-night-lights,/friday-night-lights/trailer,Universal Pictures|Sport|Drama|Billy Bob Thornton|Jay Hernandez|Tim McGraw|Lucas Black|Derek Luke|Lee Thompson Young|Connie Britton|Garrett Hedlund,friday-night-lights_trailer
tt0492389,Furry Vengeance,2010,/furry-vengeance,/furry-vengeance/trailer,Summit Entertainment|Comedy|Brendan Fraser|Brooke Shields|Ken Jeong|Matt Prokop,furry-vengeance_trailer
tt1583421,G.I. Joe: Retaliation,2013,/gi-joe-2-retaliation,/gi-joe-2-retaliation/trailer,Paramount Pictures|Action|Adventure|Cartoon|Franchise/Epic/Trilogy|Channing Tatum|Ray Park|Dwayne Johnson|Bruce Willis|Elodie Yung|RZA|D.J. Cotrona|Adrianne Palicki|Ray Stevenson|Joseph Mazzello|Walton Goggins|DeRay Davis,gi-joe-2-retaliation_trailer
tt1034032,Gamer,2009,/gamer,/gamer/trailer,Lionsgate|Foreign / Foreign Language|Action|Drama|Thriller|Gerard Butler|Michael C. Hall|Milo Ventimiglia|Alison Lohman|John Lequizamo|Efren Ramirez|Terry Crews|Kyra Sedgwick|Zoe Bell|Ludacris,gamer_trailer
tt1321870,Gangster Squad,2013,/the-gangster-squad,/the-gangster-squad/feature-trailer,Warner Bros. Pictures|Crime|Action|Josh Brolin|Ryan Gosling|Nick Nolte|Robert Patrick|Michael Peña|Giovanni Ribisi|Anthony Mackie|Emma Stone|Sean Penn,the-gangster-squad_feature-trailer
tt1321870,Gangster Squad,2013,/the-gangster-squad,/the-gangster-squad/trailer,Warner Bros. Pictures|Crime|Action|Josh Brolin|Ryan Gosling|Nick Nolte|Robert Patrick|Michael Peña|Giovanni Ribisi|Anthony Mackie|Emma Stone|Sean Penn,the-gangster-squad_trailer
tt0821640,Ghosts of Girlfriends Past,2009,/ghosts-of-girlfriends-past,/ghosts-of-girlfriends-past/trailer,New Line Cinema|Comedy|Matthew McConaughey|Jennifer Garner|Lacey Chabert|Michael Douglas|Emma Stone|Anne Archer|Robert Forster,ghosts-of-girlfriends-past_trailer
tt2267998,Gone Girl,2014,/gone-girl,/gone-girl/trailer,20th Century Fox|Drama|Thriller|Book|Ben Affleck|Rosamund Pike|Missi Pyle|Tyler Perry|Kim Dickens|Patrick Fugit|Sela Ward|Kathleen Rose Perkins,gone-girl_trailer
tt2191701,Grown Ups 2,2013,/grown-ups-2,/grown-ups-2/trailer,Sony Pictures|Comedy|Franchise/Epic/Trilogy|Adam Sandler|Kevin James|Chris Rock|David Spade|Salma Hayek|Maya Rudolph|Maria Bello|Nick Swardson|Taylor Lautner|Milo Ventimiglia|Andy Samberg|Will Forte|Shaquille O'Neal,grown-ups-2_trailer
tt2015381,Guardians of the Galaxy,2014,/guardians-of-the-galaxy,/guardians-of-the-galaxy/teaser-trailer,Marvel Studios|Walt Disney Pictures|Comicbook|Action|Adventure|Sci Fi|Teaser|Chris Pratt|Dave Bautista|Zoë Saldaña|Michael Rooker|Ophelia Lovibond|Lee Pace|Glenn Close|Karen Gillan|Benicio Del Toro|John C. Reilly|Djimon Hounsou,guardians-of-the-galaxy_teaser-trailer
tt2015381,Guardians of the Galaxy,2014,/guardians-of-the-galaxy,/guardians-of-the-galaxy/trailer,Marvel Studios|Walt Disney Pictures|Comicbook|Action|Adventure|Sci Fi|Chris Pratt|Dave Bautista|Zoë Saldaña|Michael Rooker|Ophelia Lovibond|Lee Pace|Glenn Close|Karen Gillan|Benicio Del Toro|John C. Reilly|Djimon Hounsou,guardians-of-the-galaxy_trailer
tt0481536,Harold & Kumar Escape from Guantanamo Bay,2008,/harold-kumar-guantanamo,/harold-kumar-guantanamo/trailer,New Line Cinema|Comedy|John Cho|Kal Penn|Rob Corddry|Neil Patrick Harris,harold-kumar-guantanamo_trailer
tt0481536,Harold & Kumar Escape from Guantanamo Bay,2008,/harold-kumar-guantanamo,/harold-kumar-guantanamo/teaser-trailer,New Line Cinema|Comedy|Teaser|John Cho|Kal Penn|Rob Corddry|Neil Patrick Harris,harold-kumar-guantanamo_teaser-trailer
tt0366551,Harold & Kumar Go to White Castle,2004,/harold-kumar,/harold-kumar/trailer,New Line Cinema|Comedy|Kal Penn|John Cho|Neil Patrick Harris|Malin Akerman|Paula Garcés|Ryan Reynolds|Anthony Anderson,harold-kumar_trailer
tt1201607,Harry Potter and the Deathly Hallows: Part 2,2011,/harry-potter-and-deathly-hallows-part-ii,/harry-potter-and-deathly-hallows-part-ii/feature-trailer,Warner Bros. Pictures|Adventure|Drama|Fantasy|Mystery|Franchise/Epic/Trilogy|Book|Romance|Daniel Radcliffe|Rupert Grint|Emma Watson|John Hurt|Ralph Fiennes|Alan Rickman|Helen McCrory|Bonnie Wright|Natalia Tena|Helena Bonham Carter,harry-potter-and-deathly-hallows-part-ii_feature-trailer
tt0330373,Harry Potter and the Goblet of Fire,2005,/harry-potter-goblet-fire,/harry-potter-goblet-fire/trailer,Warner Bros. Pictures|Franchise/Epic/Trilogy|Book|Adventure|Fantasy|Daniel Radcliffe|Rupert Grint|Emma Watson|Michael Gambon|Stanislav Ianevski|Robert Pattinson|Clémence Poésy|Katie Leung|Maggie Smith|Brendan Gleeson|Alan Rickman|Timothy Spall|Miranda Richardson|Ralph Fiennes,harry-potter-goblet-fire_trailer
tt0373889,Harry Potter and the Order of the Phoenix,2007,/harry-potter-order-phoenix,/harry-potter-order-phoenix/teaser-trailer,Teaser|Warner Bros. Pictures|Fantasy|Book|Adventure|Gary Oldman|Daniel Radcliffe|Rupert Grint|Emma Watson|Alan Rickman,harry-potter-order-phoenix_teaser-trailer
tt0373889,Harry Potter and the Order of the Phoenix,2007,/harry-potter-order-phoenix,/harry-potter-order-phoenix/trailer-a,Book|Warner Bros. Pictures|Daniel Radcliffe|Fantasy|Adventure|Gary Oldman|Ralph Fiennes|Helena Bonham Carter|Rupert Grint|Emma Watson|Alan Rickman|Michael Gambon,harry-potter-order-phoenix_trailer-a
tt0411477,Hellboy II: The Golden Army,2008,/hellboy-ii-golden-army,/hellboy-ii-golden-army/trailer,Universal Pictures|Franchise/Epic/Trilogy|Action|Adventure|Fantasy|Comicbook|Ron Perlman|Selma Blair|Luke Goss,hellboy-ii-golden-army_trailer
tt1267297,Hercules,2014,/hercules-2014,/hercules-2014/feature-trailer,Metro Goldwyn Mayer (MGM)|Paramount Pictures|Action|Adventure|Fantasy|Dwayne Johnson|Ian Mcshane|Joseph Fiennes|John Hurt|Rufus Sewell|Peter Mullan|Ingrid Bolsø Berdal|Aksel Hennie|Reece Ritchie,hercules-2014_feature-trailer
tt2637294,Hot Tub Time Machine 2,2015,/hot-tub-time-machine-2,/hot-tub-time-machine-2/feature-trailer,Metro Goldwyn Mayer (MGM)|Comedy|Sci Fi|Adventure|Rob Corddry|Craig Robinson|Clark Duke|Adam Scott|Chevy Chase|Collette Wolfe|Gillian Jacobs,hot-tub-time-machine-2_feature-trailer
tt1155056,"I Love You, Man",2009,/i-love-you-man,/i-love-you-man/trailer,DreamWorks Pictures|Comedy|Paul Rudd|Jason Segel|Jaime Pressly|Rashida Jones|Andy Samberg|J.K. Simmons|Thomas Lennon|South by Southwest Film Festival,i-love-you-man_trailer
tt1355630,If I Stay,2014,/if-i-stay,/if-i-stay/feature-trailer,Warner Bros. Pictures|Metro Goldwyn Mayer (MGM)|Book|Drama|Chloë Grace Moretz|Mireille Enos|Jamie Blackley|Stacy Keach|Joshua Leonard,if-i-stay_feature-trailer
tt1355630,If I Stay,2014,/if-i-stay,/if-i-stay/trailer,Warner Bros. Pictures|Metro Goldwyn Mayer (MGM)|Drama|Chloë Grace Moretz|Mireille Enos|Jamie Blackley,if-i-stay_trailer
tt0780567,Imagine That,2009,/imagine-that,/imagine-that/trailer,Paramount Pictures|Comedy|Fantasy|Eddie Murphy|Yara Shahidi|Ronny Cox|Thomas Haden Church|Nicole Ari Parker,imagine-that_trailer
tt1637688,In Time,2011,/in-time,/in-time/trailer,20th Century Fox|Sci Fi|Thriller|Justin Timberlake|Amanda Seyfried|Cillian Murphy|Vincent Kartheiser|Alex Pettyfer|Johnny Galecki|Olivia Wilde|Matt Bomer,in-time_trailer
tt1791528,Inherent Vice,2015,/inherent-vice,/inherent-vice/trailer,Warner Bros. Pictures|Crime|Mystery|Book|Joaquin Phoenix|Josh Brolin|Owen Wilson|Katherine Waterston|Reese Witherspoon|Benicio Del Toro|Martin Short|Jena Malone|Joanna Newsom|Michael K. Williams,inherent-vice_trailer
tt2096673,Inside Out,2015,/inside-out-2015,/inside-out-2015/teaser-trailer,Walt Disney Pictures|Pixar Animation|Family|CG Animation|Teaser|Amy Poehler|Mindy Kaling|Bill Hader|Phyllis Smith|Lewis Black,inside-out-2015_teaser-trailer
tt0371746,Iron Man,2008,/iron-man,/iron-man/trailer,"Robert Downey, Jr.|Comicbook|Action|Marvel Studios|Paramount Pictures|Terrence Howard|Gwyneth Paltrow|Jeff Bridges",iron-man_trailer
tt0371746,Iron Man,2008,/iron-man,/iron-man/teaser-trailer,"Teaser|Paramount Pictures|Marvel Studios|Action|Comicbook|Robert Downey, Jr.|Terrence Howard|Gwyneth Paltrow|Jeff Bridges",iron-man_teaser-trailer
tt1228705,Iron Man 2,2010,/iron-man-2,/iron-man-2/feature-trailer,"Comicbook|Action|Marvel Studios|Paramount Pictures|Franchise/Epic/Trilogy|Gwyneth Paltrow|Don Cheadle|Mickey Rourke|Sam Rockwell|Samuel L. Jackson|Scarlett Johansson|Garry Shandling|Robert Downey, Jr.",iron-man-2_feature-trailer
tt1228705,Iron Man 2,2010,/iron-man-2,/iron-man-2/trailer,"Comicbook|Action|Marvel Studios|Paramount Pictures|Franchise/Epic/Trilogy|Gwyneth Paltrow|Don Cheadle|Mickey Rourke|Sam Rockwell|Samuel L. Jackson|Scarlett Johansson|Garry Shandling|Robert Downey, Jr.",iron-man-2_trailer
tt1351685,Jack the Giant Slayer,2013,/jack-the-giant-killer,/jack-the-giant-killer/feature-trailer,New Line Cinema|Warner Bros. Pictures|Book|Fantasy|Action|Adventure|Nicholas Hoult|Eleanor Tomlinson|Stanley Tucci|Ewan McGregor|Ian Mcshane|Raine McCormack|Eddie Marson|Ewen Bremner,jack-the-giant-killer_feature-trailer
tt2357129,Jobs,2013,/jobs,/jobs/feature-trailer,Open Road Films|Biopic|Drama|Ashton Kutcher|Dermot Mulroney|Josh Gad|Lukas Haas|J.K. Simmons|Matthew Modine,jobs_feature-trailer
tt1250777,Kick-Ass,2010,/kick-ass,/kick-ass/trailer,Lionsgate|Teaser|Action|Comedy|Drama|Aaron Taylor-Johnson|Christopher Mintz-Plasse|Chloë Grace Moretz|Clark Duke|Nicolas Cage|Mark Strong|Comicbook|South by Southwest Film Festival,kick-ass_trailer
tt1448755,Killer Elite,2011,/killer-elite,/killer-elite/feature-trailer,Action|Thriller|Jason Statham|Clive Owen|Robert De Niro|Yvonne Strahovski|Adewale Akinnuoye-Agbaje,killer-elite_feature-trailer
tt1448755,Killer Elite,2011,/killer-elite,/killer-elite/trailer,Action|Thriller|Jason Statham|Clive Owen|Robert De Niro|Yvonne Strahovski|Adewale Akinnuoye-Agbaje,killer-elite_trailer
tt1013743,Knight and Day,2010,/knight-day,/knight-day/feature-trailer,20th Century Fox|Action|Comedy|Tom Cruise|Cameron Diaz|Peter Sarsgaard|Marc Blucas|Viola Davis,knight-day_feature-trailer
tt0758752,Love & Other Drugs,2010,/love-and-other-drugs,/love-and-other-drugs/trailer,20th Century Fox|Drama|Judy Greer|Jake Gyllenhaal|Anne Hathaway|Gabriel Macht|Hank Azaria|Oliver Platt,love-and-other-drugs_trailer
tt1277953,Madagascar 3: Europe's Most Wanted,2012,/madagascar-3,/madagascar-3/feature-trailer,Dreamworks Animation|CG Animation|Adventure|Comedy|Family|Franchise/Epic/Trilogy|Ben Stiller|Chris Rock|David Schwimmer|Jada Pinkett Smith|Sacha Baron Cohen,madagascar-3_feature-trailer
tt0175880,Magnolia,2000,/magnolia,/magnolia/trailer,New Line Cinema|Drama|Jeremy Blackman|Michael Bowen|Tom Cruise|Melinda Dillon|Henry Gibson|April Grace|Philip Baker Hall|Philip Seymour Hoffman|William H. Macy|Julianne Moore|John C. Reilly|Jason Robards|Melora Walters,magnolia_trailer
tt0175880,Magnolia,2000,/magnolia,/magnolia/teaser-trailer,New Line Cinema|Drama|Teaser|Jeremy Blackman|Tom Cruise|Henry Gibson|April Grace|Philip Baker Hall|Philip Seymour Hoffman|William H. Macy|Julianne Moore|John C. Reilly|Jason Robards|Melora Walters,magnolia_teaser-trailer
tt0770828,Man of Steel,2013,/man-of-steel,/man-of-steel/teaser-trailer,Warner Bros. Pictures|Action|Adventure|Behind the Scenes|Comicbook|Fantasy|Franchise/Epic/Trilogy|Henry Cavill|Teaser,man-of-steel_teaser-trailer
tt0822832,Marley & Me,2008,/marley-me,/marley-me/trailer,20th Century Fox|Comedy|Family|Teaser|Owen Wilson|Jennifer Aniston|Alan Arkin|Eric Dane,marley-me_trailer
tt0822832,Marley & Me,2008,/marley-me,/marley-me/teaser-trailer,20th Century Fox|Comedy|Family|Teaser|Owen Wilson|Jennifer Aniston,marley-me_teaser-trailer
tt2097298,"McFarland, USA",2015,/mcfarland-usa,/mcfarland-usa/trailer,Walt Disney Pictures|Drama|Sport|Kevin Costner|Maria Bello|Morgan Saylor|Martha Higareda|Michael Aguero|Sergio Avelar|Hector Duran|Rafael Martinez|Johnny Ortiz|Carlos Pratts|Ramiro Rodriguez|Danny Mora|Valente Rodriguez|Vanessa Martinez|Chris Ellis,mcfarland-usa_trailer
tt0139462,Message in a Bottle,1999,/message-in-a-bottle,/message-in-a-bottle/trailer,Warner Bros. Pictures|Drama|Romance|Book|Kevin Costner|Robin Wright|Paul Newman|John Savage|Illeana Douglas|Robbie Coltrane,message-in-a-bottle_trailer
tt0864835,Mr. Peabody & Sherman,2014,/mr-peabody-sherman,/mr-peabody-sherman/feature-trailer,Dreamworks Animation|20th Century Fox|CG Animation|Adventure|Family|Comedy|Ty Burrell|Max Charles|Ariel Winter|Allison Janney|Patrick Warburton|Stephen Colbert,mr-peabody-sherman_feature-trailer
tt0864835,Mr. Peabody & Sherman,2014,/mr-peabody-sherman,/mr-peabody-sherman/trailer,Dreamworks Animation|20th Century Fox|CG Animation|Adventure|Family|Comedy|Ty Burrell|Max Charles|Ariel Winter|Allison Janney|Stephen Colbert|Leslie Mann|Stanley Tucci|Patrick Warburton|Lake Bell|Zach Callison|Dennis Haysbert,mr-peabody-sherman_trailer
tt0408306,Munich,2006,/munich,/munich/trailer,Universal Pictures|Historical|Drama|Thriller|Eric Bana|Daniel Craig|Geoffrey Rush|Lynn Cohen|Ayelet Zurer|Ciarán Hinds|Mathieu Kassovitz|Hanns Zischler,munich_trailer
tt2369135,Need for Speed,2014,/need-for-speed,/need-for-speed/feature-trailer,DreamWorks Pictures|Action|Aaron Paul|Imogen Poots|Dominic Cooper|Ramon Rodriguez|Rami Malek|Harrison Gilbertson|Kid Cudi|Michael Keaton|Dakota Johnson,need-for-speed_feature-trailer
tt1598822,New Year's Eve,2011,/new-years-eve,/new-years-eve/feature-trailer,Katherine Heigl|Ashton Kutcher|Lea Michele|Josh Duhamel|Romance|Comedy|Warner Bros. Pictures|New Line Cinema|Zac Efron|Jessica Biel|Hilary Swank|Sarah Jessica Parker|Jon Bon Jovi|Robert De Niro|Abigail Breslin|Halle Berry|Ludacris|Hector Elizondo,new-years-eve_feature-trailer
tt1078912,Night at the Museum: Battle of the Smithsonian,2009,/night-at-the-museum-2,/night-at-the-museum-2/teaser-trailer,20th Century Fox|Franchise/Epic/Trilogy|Comedy|Family|Fantasy|Teaser|Ben Stiller|Jonah Hill|Amy Adams|Hank Azaria|Robin Williams|Owen Wilson|Bill Hader|Clint Howard,night-at-the-museum-2_teaser-trailer
tt1623288,ParaNorman,2012,/paranorman,/paranorman/teaser-trailer,Focus Features|CG Animation|Comedy|Thriller|Teaser|Stop Motion Animation,paranorman_teaser-trailer
tt1047540,Parental Guidance,2012,/parental-guidance,/parental-guidance/trailer,20th Century Fox|Family|Comedy|Billy Crystal|Bette Midler|Marisa Tomei|Bailee Madison,parental-guidance_trailer
tt1114740,Paul Blart: Mall Cop,2009,/mall-cop,/mall-cop/trailer,Columbia Pictures|Comedy|Kevin James|Keir O'Donnell|Jayma Mays|Shirley Knight|Raini Rodriguez|Stephen Rannazzisi|Adam Ferrara,mall-cop_trailer
tt3450650,Paul Blart: Mall Cop 2,2015,/paul-blart-mall-cop-2,/paul-blart-mall-cop-2/trailer,Sony Pictures|Comedy|Franchise/Epic/Trilogy|Kevin James|Molly Shannon|David Henrie|Raini Rodriguez|Eduardo Verástegui|Nicholas Turturro|Gary Valentine|Neal McDonough|Shirley Knight,paul-blart-mall-cop-2_trailer
tt0910936,Pineapple Express,2008,/pineapple-express,/pineapple-express/trailer,Columbia Pictures|Comedy|Seth Rogen|James Franco|Gary Cole|Rosie Perez|Danny R. McBride|Amber Heard|James Remar,pineapple-express_trailer
tt0325980,Pirates of the Caribbean: The Curse of the Black Pearl,2003,/pirates-curse-black-pearl,/pirates-curse-black-pearl/trailer,Walt Disney Pictures|Action|Adventure|Fantasy|Franchise/Epic/Trilogy|Johnny Depp|Geoffrey Rush|Orlando Bloom|Keira Knightley|Jack Davenport,pirates-curse-black-pearl_trailer
tt2980706,Planes: Fire & Rescue,2014,/planes-fire-rescue,/planes-fire-rescue/trailer,Walt Disney Pictures|CG Animation|Adventure|Comedy|Family|Dane Cook|Julie Bowen|Ed Harris|Regina King|Jerry Stiller|Fred Willard,planes-fire-rescue_trailer
tt1142433,Post Grad,2009,/post-grad,/post-grad/trailer,20th Century Fox|Comedy|Alexis Bledel|Zach Gilford|Rodrigo Santoro|Jane Lynch|Fred Armison|Bobby Coleman|Andrew Daly|Kirk Fox|Catherine Reitman|Craig Robinson|Carol Burnett|Michael Keaton,post-grad_trailer
tt0473075,Prince of Persia: The Sands of Time,2010,/prince-of-persia-the-sands-of-time,/prince-of-persia-the-sands-of-time/feature-trailer,Walt Disney Pictures|Action|Adventure|Fantasy|Video Game|Jake Gyllenhaal|Gemma Arterton|Ben Kingsley|Alfred Molina,prince-of-persia-the-sands-of-time_feature-trailer
tt0473075,Prince of Persia: The Sands of Time,2010,/prince-of-persia-the-sands-of-time,/prince-of-persia-the-sands-of-time/trailer,Walt Disney Pictures|Action|Adventure|Fantasy|Video Game|Jake Gyllenhaal|Gemma Arterton|Ben Kingsley,prince-of-persia-the-sands-of-time_trailer
tt1152836,Public Enemies,2009,/public-enemies,/public-enemies/trailer,Universal Pictures|Action|Thriller|Johnny Depp|Christian Bale|Marion Cotillard|Giovanni Ribisi|Billy Crudup|Stephen Dorff|Rory Cochrane|Stephen Lang|David Wenham|Stephen Graham|Channing Tatum|Jason Clarke,public-enemies_trailer
tt0110912,Pulp Fiction,1994,/pulp-fiction,/pulp-fiction/trailer,Miramax Films|Crime|Drama|John Travolta|Samuel L. Jackson|Uma Thurman|Bruce Willis|Harvey Keitel|Tim Roth|Amanda Plummer|Maria de Medeiros|Ving Rhames|Eric Stoltz|Rosanna Arquette|Christopher Walken,pulp-fiction_trailer
tt1192628,Rango,2011,/rango,/rango/trailer,Paramount Pictures|CG Animation|Action|Adventure|Johnny Depp,rango_trailer
tt1053424,Repo Men,2010,/repo-men,/repo-men/trailer,Universal Pictures|Jude Law|Forest Whitaker|Liev Schreiber|Alice Braga|Carice van Houten|Action|Sci Fi|Thriller,repo-men_trailer
tt1220634,Resident Evil: Afterlife,2010,/resident-evil-afterlife,/resident-evil-afterlife/trailer,Sony Screen Gems|Franchise/Epic/Trilogy|Action|Horror|Milla Jovovich|Ali Larter|Kim Coates|Shawn Roberts,resident-evil-afterlife_trailer
tt1408253,Ride Along,2014,/ride-along,/ride-along/teaser-trailer,Universal Pictures|Action|Comedy|Teaser|Ice Cube|Kevin Hart|Tika Sumpter|Bryan Callen,ride-along_teaser-trailer
tt1336608,Rock of Ages,2012,/rock-of-ages,/rock-of-ages/feature-trailer,Warner Bros. Pictures|Musical|Tom Cruise|Malin Akerman|Catherine Zeta-Jones|Alec Baldwin|Paul Giamatti|Russell Brand|Julianne Hough|Diego Boneta|Mary J. Blige|Musical/Broadway/Play,rock-of-ages_feature-trailer
tt0430922,Role Models,2008,/role-models,/role-models/trailer,Universal Pictures|Comedy|Seann William Scott|Paul Rudd|Christopher Mintz-Plasse|Jane Lynch|Elizabeth Banks,role-models_trailer
tt0404390,Running Scared,2006,/running-scared,/running-scared/trailer,New Line Cinema|Action|Drama|Crime|Thriller|Paul Walker|Cameron Bright|Vera Farmiga|Karel Roden|Johnny Messner,running-scared_trailer
tt0988045,Sherlock Holmes,2009,/sherlock-holmes,/sherlock-holmes/trailer,"Warner Bros. Pictures|Crime|Drama|Thriller|Book|Robert Downey, Jr.|Jude Law|Rachel McAdams|Mark Strong|Kelly Reilly",sherlock-holmes_trailer
tt0815236,She's Out of My League,2010,/shes-out-of-my-league,/shes-out-of-my-league/trailer,DreamWorks Pictures|Comedy|Romance|Jay Baruchel|Alice Eve|Mike Vogel|Krysten Ritter|Geoff Stults|Hayes MacArthur|Nate Torrence|Debra Jo Rupp,shes-out-of-my-league_trailer
tt1596346,Soul Surfer,2011,/soul-surfer,/soul-surfer/feature-trailer,TriStar Pictures|Action|Drama|Sport|AnnaSophia Robb|Dennis Quaid|Helen Hunt|Carrie Underwood|Lorraine Nicholson,soul-surfer_feature-trailer
tt0473705,State of Play,2009,/state-of-play,/state-of-play/trailer,Universal Pictures|Thriller|Russell Crowe|Ben Affleck|Rachel McAdams|Robin Wright Penn|Harry J. Lennix|Jeff Daniels|Maria Thayer,state-of-play_trailer
tt0838283,Step Brothers,2008,/step-brothers,/step-brothers/trailer,Columbia Pictures|Comedy|Will Ferrell|John C. Reilly|Richard Jenkins|Mary Steenburgen,step-brothers_trailer
tt0978764,Sucker Punch,2011,/sucker-punch,/sucker-punch/trailer,Warner Bros. Pictures|Action|Drama|Thriller|Emily Browning|Vanessa Hudgens|Abbie Cornish|Jamie Chung|Jena Malone|Carla Gugino|Jon Hamm|Oscar Isaac|Scott Glenn,sucker-punch_trailer
tt0978764,Sucker Punch,2011,/sucker-punch,/sucker-punch/feature-trailer,Warner Bros. Pictures|Action|Drama|Thriller|Emily Browning|Vanessa Hudgens|Abbie Cornish|Jamie Chung|Jena Malone|Carla Gugino|Jon Hamm|Oscar Isaac|Scott Glenn,sucker-punch_feature-trailer
tt0810922,Take Me Home Tonight,2011,/take-me-home-tonight,/take-me-home-tonight/trailer,Rogue Pictures|Comedy|Topher Grace|Anna Faris|Dan Fogler|Teresa Palmer|Michael Biehn|Demetri Martin,take-me-home-tonight_trailer
tt1135084,Takers,2010,/takers,/takers/feature-trailer,Sony Screen Gems|Action|Crime|Thriller|Matt Dillon|Paul Walker|Idris Elba|Jay Hernandez|Tip Harris|Michael Ealy|Chris Brown|Hayden Christensen,takers_feature-trailer
tt0398286,Tangled,2010,/tangled,/tangled/trailer,Walt Disney Pictures|CG Animation|Adventure|Family|Musical|Mandy Moore|Zachary Levi,tangled_trailer
tt0438488,Terminator Salvation,2009,/terminator-salvation,/terminator-salvation/trailer,Warner Bros. Pictures|Franchise/Epic/Trilogy|Action|Adventure|Sci Fi|Thriller|Sam Worthington|Anton Yelchin|Christian Bale|Common|Bryce Dallas Howard|Moon Bloodgood,terminator-salvation_trailer
tt0948470,The Amazing Spider-Man,2012,/spider-man-2012,/spider-man-2012/feature-trailer,Columbia Pictures|Franchise/Epic/Trilogy|Action|Adventure|Fantasy|Comicbook|Andrew Garfield|Emma Stone|Rhys Ifans|Denis Leary|Campbell Scott|Irrfan Khan|Martin Sheen|Sally Field,spider-man-2012_feature-trailer
tt0112435,The Baby-Sitters Club,1995,/the-baby-sitters-club,/the-baby-sitters-club/trailer,Columbia Pictures|Comedy|Drama|Family|Book|Schuyler Fisk|Bre Blair|Tricia Joe|Rachael Leigh Cook|Larisa Oleynik|Stacy Linn Ramsower|Zelda Harris,the-baby-sitters-club_trailer
tt0878804,The Blind Side,2009,/the-blind-side,/the-blind-side/trailer,Warner Bros. Pictures|Book|Drama|Sport|Sandra Bullock|Kathy Bates|Tim McGraw|Ray McKinnon|Lily Collins|Jae Head|Quinton Aaron,the-blind-side_trailer
tt0103855,The Bodyguard,1992,/the-bodyguard,/the-bodyguard/trailer,Warner Bros. Pictures|Romance|Thriller|Drama|Musical|Kevin Costner|Whitney Houston|Gary Kemp|Bill Cobbs|Ralph Waite|Tomas Arana|Michele Lamar Richards|Mike Starr|DeVaughn Nixon,the-bodyguard_trailer
tt0363771,"The Chronicles of Narnia: The Lion, the Witch and the Wardrobe",2005,/narnia-lion-witch-wardrobe,/narnia-lion-witch-wardrobe/trailer,Walt Disney Pictures|Book|Fantasy|Adventure|William Moseley|Anna Popplewell|Skandar Keynes|Georgie Henley|Tilda Swinton|James McAvoy|Liam Neeson,narnia-lion-witch-wardrobe_trailer
tt0980970,The Chronicles of Narnia: The Voyage of the Dawn Treader,2010,/chronicles-of-narnia-voyage-of-dawn-treader,/chronicles-of-narnia-voyage-of-dawn-treader/feature-trailer,Fox Walden|Franchise/Epic/Trilogy|Adventure|Family|Fantasy|Book|Georgie Henley|Skandar Keynes|Ben Barnes|Will Poulter|Gary Sweet|Bruce Spence|Arthur Angel|Shane Rangi|Liam Neeson|Tilda Swinton|Laura Brent,chronicles-of-narnia-voyage-of-dawn-treader_feature-trailer
tt0980970,The Chronicles of Narnia: The Voyage of the Dawn Treader,2010,/chronicles-of-narnia-voyage-of-dawn-treader,/chronicles-of-narnia-voyage-of-dawn-treader/trailer,Fox Walden|Franchise/Epic/Trilogy|Adventure|Family|Fantasy|Georgie Henley|Skandar Keynes|Ben Barnes|Will Poulter|Gary Sweet|Bruce Spence|Arthur Angel|Shane Rangi|Liam Neeson,chronicles-of-narnia-voyage-of-dawn-treader_trailer
tt0475944,The Covenant,2006,/the-covenant,/the-covenant/trailer,Sony Screen Gems|Fantasy|Action|Steven Strait|Sebastian Stan|Laura Ramsey,the-covenant_trailer
tt0455407,The Crazies,2010,/the-crazies,/the-crazies/trailer,Overture Films|Horror|Thriller|Remake|Timothy Olyphant|Radha Mitchell|Danielle Panabaker|Joe Anderson,the-crazies_trailer
tt1093357,The Darkest Hour,2011,/the-darkest-hour,/the-darkest-hour/feature-trailer,Summit Entertainment|Action|Sci Fi|Thriller|Emile Hirsch|Olivia Thirlby|Max Minghella|Rachael Taylor|Joel Kinnaman,the-darkest-hour_feature-trailer
tt0407887,The Departed,2006,/the-departed,/the-departed/trailer,Warner Bros. Pictures|Remake|Crime|Drama|Leonardo DiCaprio|Matt Damon|Jack Nicholson|Mark Wahlberg|Alec Baldwin|Martin Sheen|Ray Winstone|Anthony Anderson|James Badge Dale|Vera Farmiga,the-departed_trailer
tt2404311,The Family,2013,/the-family,/the-family/trailer,Relativity Media|Crime|Comedy|Action|Robert De Niro|Michelle Pfeiffer|Tommy Lee Jones|Dianna Agron|John D'Leo|Vincent Pastore,the-family_trailer
tt2039393,The Gambler,2014,/the-gambler-2015,/the-gambler-2015/trailer,Paramount Pictures|Crime|Thriller|Mark Wahlberg|John Goodman|Brie Larson|Michael Kenneth Williams|Jessica Lange,the-gambler-2015_trailer
tt1343092,The Great Gatsby,2013,/the-great-gatsby,/the-great-gatsby/feature-trailer,Warner Bros. Pictures|Drama|Romance|Book|Leonardo DiCaprio|Tobey Maguire|Joel Edgerton|Carey Mulligan|Isla Fisher|Jason Clarke|Elizabeth Debicki|Amitabh Bachchan,the-great-gatsby_feature-trailer
tt1119646,The Hangover,2009,/the-hangover,/the-hangover/teaser-trailer,Warner Bros. Pictures|Comedy|Teaser|Bradley Cooper|Ed Helms|Zach Galifianakis|Sasha Barrese,the-hangover_teaser-trailer
tt1951261,The Hangover Part III,2013,/the-hangover-part-iii,/the-hangover-part-iii/trailer,Warner Bros. Pictures|Comedy|Franchise/Epic/Trilogy|Bradley Cooper|Ed Helms|Zach Galifianakis|Ken Jeong|Heather Graham|Melissa McCarthy|John Goodman,the-hangover-part-iii_trailer
tt1517260,The Host,2013,/the-host-2013,/the-host-2013/trailer,Open Road Films|Sci Fi|Thriller|Book|Saoirse Ronan|Max Irons|Jake Abel|Diane Kruger|William Hurt|Frances Fisher,the-host-2013_trailer
tt0852713,The House Bunny,2008,/the-house-bunny,/the-house-bunny/trailer,Columbia Pictures|Comedy|Anna Faris|Colin Hanks|Emma Stone|Kat Dennings|Katharine McPhee|Beverly D'Angelo,the-house-bunny_trailer
tt1649419,The Impossible,2013,/the-impossible,/the-impossible/trailer,Summit Entertainment|Action|Drama|Ewan McGregor|Naomi Watts|Tom Holland,the-impossible_trailer
tt0399201,The Island,2005,/the-island,/the-island/trailer,DreamWorks Pictures|Action|Sci Fi|Thriller|Ewan McGregor|Scarlett Johansson|Steve Buscemi|Sean Bean|Djimon Hounsou|Michael Clarke Duncan|Noa Tishby,the-island_trailer
tt0399201,The Island,2005,/the-island,/the-island/teaser-trailer,DreamWorks Pictures|Action|Sci Fi|Thriller|Teaser|Ewan McGregor|Scarlett Johansson|Steve Buscemi|Sean Bean|Djimon Hounsou|Michael Clarke Duncan,the-island_teaser-trailer
tt1285309,The Joneses,2010,/the-joneses,/the-joneses/trailer,Roadside Attractions|Comedy|Drama|Amber Heard|Demi Moore|David Duchovny|Ben Hollingsworth|Chris Williams|Gary Cole|Glenne Headly|Lauren Hutton,the-joneses_trailer
tt0844708,The Last House on the Left,2009,/the-last-house-on-the-left,/the-last-house-on-the-left/trailer,Rogue Pictures|Suspense|Thriller|Tony Goldwyn|Monica Potter|Sara Paxton|Garret Dillahunt|Riki Lindhome|Martha MacIsaac,the-last-house-on-the-left_trailer
tt0480255,The Losers,2010,/the-losers,/the-losers/trailer,Warner Bros. Pictures|Action|Adventure|Drama|Mystery|Jeffrey Dean Morgan|Zoë Saldaña|Chris Evans|Idris Elba|Columbus Short|Holt McCallany|Oscar Jaenada|Jason Patric|Peter Macdissi,the-losers_trailer
tt0380510,The Lovely Bones,2010,/the-lovely-bones,/the-lovely-bones/trailer,DreamWorks Pictures|Book|Crime|Drama|Fantasy|Thriller|Horror|Mark Wahlberg|Rachel Weisz|Susan Sarandon|Stanley Tucci|Michael Imperioli|Saoirse Ronan,the-lovely-bones_trailer
tt0859163,The Mummy: Tomb of the Dragon Emperor,2008,/mummy-tomb-dragon-emperor,/mummy-tomb-dragon-emperor/trailer,Universal Pictures|Franchise/Epic/Trilogy|Action|Adventure|Fantasy|Brendan Fraser|Maria Bello|Jet Li|John Hannah|Michelle Yeoh|Anthony Wong|Luke Ford|Isabella Leong,mummy-tomb-dragon-emperor_trailer
tt0859163,The Mummy: Tomb of the Dragon Emperor,2008,/mummy-tomb-dragon-emperor,/mummy-tomb-dragon-emperor/teaser-trailer,Universal Pictures|Franchise/Epic/Trilogy|Action|Adventure|Fantasy|Brendan Fraser|Maria Bello|Jet Li|John Hannah|Michelle Yeoh|Anthony Wong|Luke Ford|Isabella Leong|Teaser,mummy-tomb-dragon-emperor_teaser-trailer
tt1386588,The Other Guys,2010,/the-other-guys,/the-other-guys/trailer,Columbia Pictures|Comedy|Action|Will Ferrell|Mark Wahlberg|Eva Mendes|Michael Keaton|Steve Coogan|Ray Stevenson|Samuel L. Jackson|Dwayne Johnson,the-other-guys_trailer
tt1041829,The Proposal,2009,/the-proposal,/the-proposal/trailer,Touchstone Pictures|Comedy|Romance|Sandra Bullock|Ryan Reynolds|Malin Akerman|Mary Steenburgen|Craig T. Nelson|Aasif Mandvi,the-proposal_trailer
tt0359950,The Secret Life of Walter Mitty,2013,/the-secret-life-of-walter-mitty,/the-secret-life-of-walter-mitty/trailer,20th Century Fox|Adventure|Comedy|Drama|Ben Stiller|Kristen Wiig|Shirley MacLaine|Adam Scott|Kathryn Hahn|Sean Penn,the-secret-life-of-walter-mitty_trailer
tt0484562,The Seeker: The Dark Is Rising,2007,/dark-is-rising,/dark-is-rising/feature-trailer,20th Century Fox|Book|Action|Adventure|Fantasy|Ian Mcshane|Alexander Ludwig|Frances Conroy|Christopher Eccleston|Gregory Smith,dark-is-rising_feature-trailer
tt1285016,The Social Network,2010,/the-social-network,/the-social-network/trailer,Columbia Pictures|Drama|Jesse Eisenberg|Justin Timberlake|Andrew Garfield|Joe Mazzello|Rashida Jones,the-social-network_trailer
tt0831887,The Spirit,2008,/the-spirit,/the-spirit/feature-trailer,Lionsgate|Bootleg|Comicbook|Action|Adventure|Gabriel Macht|Samuel L. Jackson|Scarlett Johansson|Eva Mendes,the-spirit_feature-trailer
tt0452694,The Time Traveler's Wife,2009,/the-time-travelers-wife,/the-time-travelers-wife/trailer,New Line Cinema|Drama|Romance|Book|Rachel McAdams|Eric Bana,the-time-travelers-wife_trailer
tt1243957,The Tourist,2010,/the-tourist,/the-tourist/trailer,Columbia Pictures|Thriller|Johnny Depp|Angelina Jolie|Paul Bettany|Rufus Sewell|Ralf Moeller,the-tourist_trailer
tt1606389,The Vow,2012,/the-vow,/the-vow/feature-trailer,Sony Screen Gems|Drama|Romance|Rachel McAdams|Channing Tatum,the-vow_feature-trailer
tt1298649,The Watch,2012,/neighborhood-watch,/neighborhood-watch/trailer,20th Century Fox|Comedy|Sci Fi|Jonah Hill|Ben Stiller|Vince Vaughn|Richard Ayoade|R. Lee Ermey,neighborhood-watch_trailer
tt0993846,The Wolf of Wall Street,2013,/the-wolf-of-wall-street,/the-wolf-of-wall-street/trailer,Paramount Pictures|Biopic|Crime|Drama|Book|Leonardo DiCaprio|Jonah Hill|Margot Robbie|Matthew McConaughey|Kyle Chandler|Rob Rreiner|Jean Dujardin|P.J. Byrne,the-wolf-of-wall-street_trailer
tt1758830,This Is 40,2012,/this-is-40,/this-is-40/trailer,Universal Pictures|Comedy|Paul Rudd|Leslie Mann|Melissa McCarthy|Jason Segel|Annie Mumolo,this-is-40_trailer
tt1596350,This Means War,2012,/this-means-war,/this-means-war/trailer,20th Century Fox|Action|Adventure|Comedy|Reese Witherspoon|Chris Pine|Tom Hardy|Chelsea Handler|Til Schweiger|Abigail Spencer,this-means-war_trailer
tt1340800,Tinker Tailor Soldier Spy,2012,/tinker-tailor-soldier-spy,/tinker-tailor-soldier-spy/trailer,Optimum Releasing|Focus Features|Drama|International|Gary Oldman|Ciarán Hinds|Jared Harris|Colin Firth|Tom Hardy|Benedict Cumberbatch|Mark Strong|Svetlana Khodchenkova|Simon McBurney,tinker-tailor-soldier-spy_trailer
tt0942385,Tropic Thunder,2008,/tropic-thunder,/tropic-thunder/trailer,"DreamWorks Pictures|Comedy|Ben Stiller|Jack Black|Robert Downey, Jr.|Nick Nolte|Danny R. McBride|Brandon T. Jackson|Jay Baruchel",tropic-thunder_trailer
tt2083383,Trouble with the Curve,2012,/trouble-with-the-curve,/trouble-with-the-curve/trailer,Warner Bros. Pictures|Drama|Sport|Clint Eastwood|Amy Adams|Justin Timberlake|John Goodman|Robert Patrick|Matthew Lillard|Scott Eastwood|Joe Massingill,trouble-with-the-curve_trailer
tt1403865,True Grit,2010,/true-grit-2010,/true-grit-2010/feature-trailer,Paramount Pictures|Drama|Western|Jeff Bridges|Matt Damon|Josh Brolin|Hailee Steinfeld,true-grit-2010_feature-trailer
tt1403865,True Grit,2010,/true-grit-2010,/true-grit-2010/trailer,Paramount Pictures|Drama|Western|Jeff Bridges|Matt Damon|Josh Brolin|Hailee Steinfeld,true-grit-2010_trailer
tt1175491,W.,2008,/w,/w/teaser-trailer,Lionsgate|Biopic|Drama|Comedy|Josh Brolin|Elizabeth Banks|Jeffrey Wright|Thandie Newton|Richard Dreyfuss,w_teaser-trailer
tt1175491,W.,2008,/w,/w/trailer,Lionsgate|Biopic|Drama|Comedy|Josh Brolin|Elizabeth Banks|Jeffrey Wright|Thandie Newton|Richard Dreyfuss|James Cromwell|Scott Glenn|Bruce McGill,w_trailer
tt0910970,WALL·E,2008,/wall-e,/wall-e/teaser-trailer,Pixar Animation|Walt Disney Pictures|CG Animation|Family|Sci Fi|Teaser,wall-e_teaser-trailer
tt1588173,Warm Bodies,2013,/warm-bodies,/warm-bodies/trailer,Summit Entertainment|Drama|Horror|Romance|Nicholas Hoult|Teresa Palmer|Rob Corddry|John Malkovich|Analeigh Tipton|Dave Franco|Cory Hardict,warm-bodies_trailer
tt1291584,Warrior,2011,/warrior,/warrior/feature-trailer,Lionsgate|Action|Drama|Sport|Joel Edgerton|Tom Hardy|Jennifer Morrison|Nick Nolte|Noah Emmerich|Kevin Dunn,warrior_feature-trailer
tt0409459,Watchmen,2009,/watchmen,/watchmen/feature-trailer,Warner Bros. Pictures|Comicbook|Patrick Wilson|Jackie Earle Haley|Matthew Goode|Billy Crudup|Jeffrey Dean Morgan|Malin Akerman|Carla Gugino,watchmen_feature-trailer
tt0409459,Watchmen,2009,/watchmen,/watchmen/trailer,Warner Bros. Pictures|Comicbook|Patrick Wilson|Jackie Earle Haley|Matthew Goode|Billy Crudup|Jeffrey Dean Morgan,watchmen_trailer
tt0770703,What's Your Number?,2011,/whats-your-number,/whats-your-number/trailer,20th Century Fox|Comedy|Anna Faris|Chris Evans|Dave Annable|Ari Graynor|Andy Samberg|Zachary Quinto|Joel McHale|Ed Begley Jr.|Thomas Lennon|Chris Pratt,whats-your-number_trailer
tt0386117,Where the Wild Things Are,2009,/where-the-wild-things-are,/where-the-wild-things-are/feature-trailer,Warner Bros. Pictures|Adventure|Drama|Family|Fantasy|Catherine Keener|Max Records|Mark Ruffalo|Lauren Ambrose|James Gandolfini|Catherine O'Hara|Forest Whitaker|Book,where-the-wild-things-are_feature-trailer
tt0386117,Where the Wild Things Are,2009,/where-the-wild-things-are,/where-the-wild-things-are/trailer,Warner Bros. Pictures|Adventure|Drama|Family|Fantasy|Catherine Keener|Max Records|Mark Ruffalo|Lauren Ambrose|James Gandolfini|Catherine O'Hara|Forest Whitaker|Book,where-the-wild-things-are_trailer
tt1791682,While We're Young,2015,/while-were-young,/while-were-young/trailer,A24|Comedy|Drama|Ben Stiller|Naomi Watts|Adam Driver|Amanda Seyfried|Adam Horovitz|Charles Grodin,while-were-young_trailer
tt1172233,Whip It,2009,/whip-it,/whip-it/trailer,Fox Searchlight|Action|Comedy|Ellen Page|Marcia Gay Harden|Kristen Wiig|Juliette Lewis|Daniel Stern|Eve,whip-it_trailer
tt2870708,Wish I Was Here,2014,/wish-i-was-here,/wish-i-was-here/feature-trailer,Focus Features|Comedy|Drama|Zach Braff|Kate Hudson|Mandy Patinkin|Josh Gad|Ashley Greene|Joey King|Pierce Gagnon|Donald Faison|Jim Parsons,wish-i-was-here_feature-trailer
tt2870708,Wish I Was Here,2014,/wish-i-was-here,/wish-i-was-here/trailer,Focus Features|Comedy|Drama|Zach Braff|Kate Hudson|Mandy Patinkin|Josh Gad|Ashley Greene|Joey King|Pierce Gagnon|Donald Faison,wish-i-was-here_trailer
tt1870529,Won't Back Down,2012,/wont-back-down,/wont-back-down/trailer,20th Century Fox|Drama|Maggie Gyllenhaal|Viola Davis|Oscar Isaac|Holly Hunter|Rosie Perez|Lance Reddick|Emily Alyn Lind,wont-back-down_trailer
tt1646987,Wrath of the Titans,2012,/wrath-of-the-titans,/wrath-of-the-titans/trailer,Warner Bros. Pictures|Franchise/Epic/Trilogy|Action|Adventure|Fantasy|Sam Worthington|Ralph Fiennes|Liam Neeson|Danny Huston|Édgar Ramírez|Bill Nighy|Toby Kebbell|Rosamund Pike,wrath-of-the-titans_trailer
tt1772341,Wreck-It Ralph,2012,/wreck-it-ralph,/wreck-it-ralph/feature-trailer,Walt Disney Pictures|CG Animation|Comedy|Adventure|John C. Reilly|Sarah Silverman|Jack McBrayer|Jane Lynch|Alan Tudyk|Ed O'Neill|Mindy Kaling|Adam Carolla|Horatio Sanz|Dennis Haysbert|Edie McClurg|Roger Craig Smith|Gerald C. Rivers|Rachael Harris|Stefanie Scott|Reuben Langdon|Kyle Hebert,wreck-it-ralph_feature-trailer
tt1772341,Wreck-It Ralph,2012,/wreck-it-ralph,/wreck-it-ralph/trailer,Walt Disney Pictures|CG Animation|Comedy|Adventure|John C. Reilly|Sarah Silverman|Jack McBrayer|Jane Lynch,wreck-it-ralph_trailer
tt1877832,X-Men: Days of Future Past,2014,/x-men-days-future-past,/x-men-days-future-past/feature-trailer,20th Century Fox|Action|Adventure|Comicbook|Franchise/Epic/Trilogy|Fantasy|Jennifer Lawrence|Nicholas Hoult|Hugh Jackman|Anna Paquin|Ellen Page|Peter Dinklage|Michael Fassbender|Halle Berry|James McAvoy|Ian McKellen|Patrick Stewart,x-men-days-future-past_feature-trailer
